PERMNO,date,TICKER,PRC,VOL
12060,2018-05-02,GE,14.18000,51678009
12060,2018-05-03,GE,13.93000,60696993
12060,2018-05-04,GE,14.10000,41908959
12060,2018-05-07,GE,14.07000,32868455
12060,2018-05-08,GE,14.27000,59336105
12060,2018-05-09,GE,14.62000,50867876
12060,2018-05-10,GE,14.69000,37480947
12060,2018-05-11,GE,14.60000,28611050
12060,2018-05-14,GE,14.71000,41033047
12060,2018-05-15,GE,14.71000,35258722
12060,2018-05-16,GE,15.03000,54623446
12060,2018-05-17,GE,15.03000,50728581
12060,2018-05-18,GE,14.97000,34363828
12060,2018-05-21,GE,15.26000,77916849
12060,2018-05-22,GE,15.29000,65739059
12060,2018-05-23,GE,14.18000,147338565
12060,2018-05-24,GE,14.60000,105414027
12060,2018-05-25,GE,14.63000,49698718
12060,2018-05-29,GE,14.18000,76044428
12060,2018-05-30,GE,14.17000,52208405
12060,2018-05-31,GE,14.08000,55456439
12060,2018-06-01,GE,14.10000,56888824
12060,2018-06-04,GE,13.71000,82416322
12060,2018-06-05,GE,13.80000,70448426
12060,2018-06-06,GE,13.64000,62145270
12060,2018-06-07,GE,13.78000,70982420
12060,2018-06-08,GE,13.93000,50244868
12060,2018-06-11,GE,13.98000,43601680
12060,2018-06-12,GE,13.98000,41519137
12060,2018-06-13,GE,13.89000,35499835
12060,2018-06-14,GE,13.64000,60671122
12060,2018-06-15,GE,13.30000,96180108
12060,2018-06-18,GE,13.20000,68340242
12060,2018-06-19,GE,12.95000,77874464
12060,2018-06-20,GE,12.88000,96425602
12060,2018-06-21,GE,12.76000,70692167
12060,2018-06-22,GE,13.05000,74119111
12060,2018-06-25,GE,12.75000,76819797
12060,2018-06-26,GE,13.74000,213833225
12060,2018-06-27,GE,13.96000,135400642
12060,2018-06-28,GE,13.83000,64430989
12060,2018-06-29,GE,13.61000,71964493
12060,2018-07-02,GE,13.37000,62773901
12060,2018-07-03,GE,13.37000,32212405
12060,2018-07-05,GE,13.43000,53542248
12060,2018-07-06,GE,13.85000,60022367
12060,2018-07-09,GE,13.95000,67061141
12060,2018-07-10,GE,14.17000,60315084
12060,2018-07-11,GE,13.99000,47266123
12060,2018-07-12,GE,13.99000,39824478
12060,2018-07-13,GE,13.89000,48547196
12060,2018-07-16,GE,13.90000,42860187
12060,2018-07-17,GE,13.69000,59111582
12060,2018-07-18,GE,13.75000,41035047
12060,2018-07-19,GE,13.73000,74962779
12060,2018-07-20,GE,13.12000,171336054
12060,2018-07-23,GE,12.99000,90332759
12060,2018-07-24,GE,13.12000,56666557
12060,2018-07-25,GE,13.11000,53379420
12060,2018-07-26,GE,13.15000,54512038
12060,2018-07-27,GE,13.06000,39333652
12060,2018-07-30,GE,13.16000,39565013
12060,2018-07-31,GE,13.63000,71693895
12060,2018-08-01,GE,13.24000,44528340
12060,2018-08-02,GE,13.17000,36575255
12060,2018-08-03,GE,13.14000,35245076
12060,2018-08-06,GE,13.10000,32489289
12060,2018-08-07,GE,13.16000,56603863
12060,2018-08-08,GE,13.05000,40399416
12060,2018-08-09,GE,12.94000,32487227
12060,2018-08-10,GE,12.77000,48452261
12060,2018-08-13,GE,12.45000,67099411
12060,2018-08-14,GE,12.35000,49601633
12060,2018-08-15,GE,12.22000,64707098
12060,2018-08-16,GE,12.30000,51984321
12060,2018-08-17,GE,12.30000,46945497
12060,2018-08-20,GE,12.30000,37756535
12060,2018-08-21,GE,12.63000,57947557
12060,2018-08-22,GE,12.47000,43446212
12060,2018-08-23,GE,12.54000,38054589
12060,2018-08-24,GE,12.50000,38669956
12060,2018-08-27,GE,12.77000,44685653
12060,2018-08-28,GE,12.76000,59069270
12060,2018-08-29,GE,12.97000,47788479
12060,2018-08-30,GE,12.77000,44667544
12060,2018-08-31,GE,12.94000,50403142
12060,2018-09-04,GE,12.67000,44836981
12060,2018-09-05,GE,12.56000,55071573
12060,2018-09-06,GE,12.51000,40619784
12060,2018-09-07,GE,12.40000,45867179
12060,2018-09-10,GE,12.51000,43374721
12060,2018-09-11,GE,12.33000,40153939
12060,2018-09-12,GE,12.61000,40185622
12060,2018-09-13,GE,12.71000,54674832
12060,2018-09-14,GE,12.68000,69969813
12060,2018-09-17,GE,12.70000,50671613
12060,2018-09-18,GE,12.66000,42892800
12060,2018-09-19,GE,12.86000,62102052
12060,2018-09-20,GE,12.46000,88325588
12060,2018-09-21,GE,12.17000,95419064
12060,2018-09-24,GE,11.74000,148589856
12060,2018-09-25,GE,11.27000,133694188
12060,2018-09-26,GE,11.39000,93374590
12060,2018-09-27,GE,11.53000,82196212
12060,2018-09-28,GE,11.29000,76574088
12060,2018-10-01,GE,12.09000,308106768
12060,2018-10-02,GE,12.32000,148705750
12060,2018-10-03,GE,12.48000,82966087
12060,2018-10-04,GE,12.66000,74912117
12060,2018-10-05,GE,13.18000,151160449
12060,2018-10-08,GE,13.61000,172649544
12060,2018-10-09,GE,13.55000,110448096
12060,2018-10-10,GE,13.28000,91943040
12060,2018-10-11,GE,12.72000,116161903
12060,2018-10-12,GE,12.32000,123208499
12060,2018-10-15,GE,12.15000,62640173
12060,2018-10-16,GE,12.10000,86485825
12060,2018-10-17,GE,12.19000,83433100
12060,2018-10-18,GE,12.38000,81520234
12060,2018-10-19,GE,12.56000,86785513
12060,2018-10-22,GE,12.38000,50243479
12060,2018-10-23,GE,12.69000,81885020
12060,2018-10-24,GE,12.17000,83360317
12060,2018-10-25,GE,11.80000,88241090
12060,2018-10-26,GE,11.30000,117612663
12060,2018-10-29,GE,11.16000,119848664
12060,2018-10-30,GE,10.18000,344976676
12060,2018-10-31,GE,10.10000,201878603
12060,2018-11-01,GE,9.58000,236367367
12060,2018-11-02,GE,9.29000,263514635
12060,2018-11-05,GE,9.28000,124389024
12060,2018-11-06,GE,9.42000,112928202
12060,2018-11-07,GE,9.20000,124020667
12060,2018-11-08,GE,9.10000,161796786
12060,2018-11-09,GE,8.58000,273542260
12060,2018-11-12,GE,7.99000,245188891
12060,2018-11-13,GE,8.61000,205815973
12060,2018-11-14,GE,8.32000,170169781
12060,2018-11-15,GE,8.17000,128474929
12060,2018-11-16,GE,8.02000,176608926
12060,2018-11-19,GE,7.84000,148077303
12060,2018-11-20,GE,7.65000,143309529
12060,2018-11-21,GE,7.81000,84442845
12060,2018-11-23,GE,7.57000,43471127
12060,2018-11-26,GE,7.58000,158647765
12060,2018-11-27,GE,7.44000,110407012
12060,2018-11-28,GE,7.74000,124307224
12060,2018-11-29,GE,7.94000,123383251
12060,2018-11-30,GE,7.50000,187082938
12060,2018-12-03,GE,7.81000,130639888
12060,2018-12-04,GE,7.28000,133329757
12060,2018-12-06,GE,7.35000,112965740
12060,2018-12-07,GE,7.01000,114480098
12060,2018-12-10,GE,6.93000,112841778
12060,2018-12-11,GE,6.76000,124580597
12060,2018-12-12,GE,6.71000,105819951
12060,2018-12-13,GE,7.20000,207282025
12060,2018-12-14,GE,7.10000,128800697
12060,2018-12-17,GE,7.15000,129731132
12060,2018-12-18,GE,7.28000,146773503
12060,2018-12-19,GE,7.66000,219474200
12060,2018-12-20,GE,7.44000,182353570
12060,2018-12-21,GE,7.15000,185651346
12060,2018-12-24,GE,6.92000,70010438
12060,2018-12-26,GE,7.39000,129838565
12060,2018-12-27,GE,7.27000,119778563
12060,2018-12-28,GE,7.51000,121670845
12060,2018-12-31,GE,7.57000,108361489
12060,2019-01-02,GE,8.05000,129354094
12060,2019-01-03,GE,8.06000,122949016
12060,2019-01-04,GE,8.23000,120083766
12060,2019-01-07,GE,8.74000,179684443
12060,2019-01-08,GE,8.56000,146980417
12060,2019-01-09,GE,8.50000,116306329
12060,2019-01-10,GE,8.94000,112341452
12060,2019-01-11,GE,8.94000,80669289
12060,2019-01-14,GE,8.90000,81678101
12060,2019-01-15,GE,8.73000,94058188
12060,2019-01-16,GE,8.98000,84265676
12060,2019-01-17,GE,9.14000,105792241
12060,2019-01-18,GE,9.06000,92734517
12060,2019-01-22,GE,8.66000,108172008
12060,2019-01-23,GE,8.73000,72385915
12060,2019-01-24,GE,8.78000,90331550
12060,2019-01-25,GE,9.16000,112339638
12060,2019-01-28,GE,8.93000,91635871
12060,2019-01-29,GE,8.90000,114467693
12060,2019-01-30,GE,9.10000,86434567
12060,2019-01-31,GE,10.16000,348639470
12060,2019-02-01,GE,10.19000,158161788
12060,2019-02-04,GE,10.21000,103243874
12060,2019-02-05,GE,10.63000,102823122
12060,2019-02-06,GE,10.47000,120486531
12060,2019-02-07,GE,10.06000,108704197
12060,2019-02-08,GE,9.81000,118549512
12060,2019-02-11,GE,10.03000,70687506
12060,2019-02-12,GE,9.98000,67122315
12060,2019-02-13,GE,10.37000,98937023
12060,2019-02-14,GE,10.04000,93387111
12060,2019-02-15,GE,10.09000,78344511
12060,2019-02-19,GE,10.13000,63568393
12060,2019-02-20,GE,10.10000,48648592
12060,2019-02-21,GE,10.03000,49533182
12060,2019-02-22,GE,10.17000,50741310
12060,2019-02-25,GE,10.82000,290232426
12060,2019-02-26,GE,10.66000,103990626
12060,2019-02-27,GE,10.88000,108833393
12060,2019-02-28,GE,10.39000,90862093
12060,2019-03-01,GE,10.27000,89000221
12060,2019-03-04,GE,10.38000,69762946
12060,2019-03-05,GE,9.89000,178783618
12060,2019-03-06,GE,9.11000,205777726
12060,2019-03-07,GE,9.45000,127481095
12060,2019-03-08,GE,9.58000,87518653
12060,2019-03-11,GE,9.90000,106050446
12060,2019-03-12,GE,9.76000,99369549
12060,2019-03-13,GE,10.02000,74164484
12060,2019-03-14,GE,10.30000,133870752
12060,2019-03-15,GE,9.96000,189194132
12060,2019-03-18,GE,10.20000,91647450
12060,2019-03-19,GE,10.19000,54680925
12060,2019-03-20,GE,10.22000,48370030
12060,2019-03-21,GE,10.27000,50518944
12060,2019-03-22,GE,9.98000,81563530
12060,2019-03-25,GE,9.88000,49727745
12060,2019-03-26,GE,10.10000,47624825
12060,2019-03-27,GE,9.96000,55148303
12060,2019-03-28,GE,9.89000,45199384
12060,2019-03-29,GE,9.99000,48519106
12060,2019-04-01,GE,10.10000,51345998
12060,2019-04-02,GE,10.24000,51748244
12060,2019-04-03,GE,10.10000,56139477
12060,2019-04-04,GE,10.03000,41034093
12060,2019-04-05,GE,10.01000,43257193
12060,2019-04-08,GE,9.49000,176008200
12060,2019-04-09,GE,9.22000,83170707
12060,2019-04-10,GE,9.16000,53871400
12060,2019-04-11,GE,9.12000,54814779
12060,2019-04-12,GE,9.00000,69332035
12060,2019-04-15,GE,8.98000,82946746
12060,2019-04-16,GE,9.14000,60235960
12060,2019-04-17,GE,9.12000,48065082
12060,2019-04-18,GE,9.35000,51509079
12060,2019-04-22,GE,9.32000,67122510
12060,2019-04-23,GE,9.33000,40504646
12060,2019-04-24,GE,9.32000,28785063
12060,2019-04-25,GE,9.12000,62378004
12060,2019-04-26,GE,9.57000,74289722
12060,2019-04-29,GE,9.73000,66009501
12060,2019-04-30,GE,10.17000,177185459
12060,2019-05-01,GE,10.10000,99374438
12060,2019-05-02,GE,10.25000,79225838
12060,2019-05-03,GE,10.50000,68815516
12060,2019-05-06,GE,10.43000,43631823
12060,2019-05-07,GE,10.11000,56894190
12060,2019-05-08,GE,10.16000,47349335
12060,2019-05-09,GE,10.04000,59499847
12060,2019-05-10,GE,10.13000,63130239
12060,2019-05-13,GE,9.87000,60136022
12060,2019-05-14,GE,10.32000,70520502
12060,2019-05-15,GE,10.26000,53716381
12060,2019-05-16,GE,10.13000,54505514
12060,2019-05-17,GE,10.00000,37062484
12060,2019-05-20,GE,9.88000,52207128
12060,2019-05-21,GE,9.96000,60413441
12060,2019-05-22,GE,9.90000,51644074
12060,2019-05-23,GE,9.56000,56841498
12060,2019-05-24,GE,9.45000,47533063
12060,2019-05-28,GE,9.36000,72211711
12060,2019-05-29,GE,9.37000,44587955
12060,2019-05-30,GE,9.47000,50531402
12060,2019-05-31,GE,9.44000,46337864
12060,2019-06-03,GE,9.53000,47273979
12060,2019-06-04,GE,10.00000,61404706
12060,2019-06-05,GE,9.89000,41163379
12060,2019-06-06,GE,9.92000,38528006
12060,2019-06-07,GE,9.98000,41084565
12060,2019-06-10,GE,10.05000,52267135
12060,2019-06-11,GE,10.12000,38957666
12060,2019-06-12,GE,10.28000,54970073
12060,2019-06-13,GE,10.31000,62115737
12060,2019-06-14,GE,10.23000,34355052
12060,2019-06-17,GE,10.05000,46050250
12060,2019-06-18,GE,10.42000,73563557
12060,2019-06-19,GE,10.34000,60616709
12060,2019-06-20,GE,10.63000,65961486
12060,2019-06-21,GE,10.48000,65575980
12060,2019-06-24,GE,10.28000,36598782
12060,2019-06-25,GE,10.22000,35496177
12060,2019-06-26,GE,10.27000,34127979
12060,2019-06-27,GE,10.40000,33283304
12060,2019-06-28,GE,10.50000,44020412
12060,2019-07-01,GE,10.63000,40007733
12060,2019-07-02,GE,10.62000,30125739
12060,2019-07-03,GE,10.61000,22175588
12060,2019-07-05,GE,10.50000,30267690
12060,2019-07-08,GE,10.20000,48143129
12060,2019-07-09,GE,10.25000,35455762
12060,2019-07-10,GE,10.20000,39101683
12060,2019-07-11,GE,10.11000,33670050
12060,2019-07-12,GE,10.37000,39195475
12060,2019-07-15,GE,10.27000,42095061
12060,2019-07-16,GE,10.38000,39533151
12060,2019-07-17,GE,9.98000,53682958
12060,2019-07-18,GE,10.06000,45158456
12060,2019-07-19,GE,10.04000,34653924
12060,2019-07-22,GE,10.21000,43333017
12060,2019-07-23,GE,10.65000,74298330
12060,2019-07-24,GE,10.68000,44897511
12060,2019-07-25,GE,10.43000,46121049
12060,2019-07-26,GE,10.51000,27015849
12060,2019-07-29,GE,10.38000,37369367
12060,2019-07-30,GE,10.52000,45314465
12060,2019-07-31,GE,10.45000,172474052
12060,2019-08-01,GE,10.08000,87921689
12060,2019-08-02,GE,10.00000,64296389
12060,2019-08-05,GE,9.66000,70243190
12060,2019-08-06,GE,9.57000,66397813
12060,2019-08-07,GE,9.46000,76790358
12060,2019-08-08,GE,9.49000,49406611
12060,2019-08-09,GE,9.15000,76720823
12060,2019-08-12,GE,9.05000,65574938
12060,2019-08-13,GE,9.35000,74172556
12060,2019-08-14,GE,9.03000,89194634
12060,2019-08-15,GE,8.01000,401048654
12060,2019-08-16,GE,8.79000,248883644
12060,2019-08-19,GE,8.67000,111637593
12060,2019-08-20,GE,8.38000,102347809
12060,2019-08-21,GE,8.16000,85305082
12060,2019-08-22,GE,8.19000,68173857
12060,2019-08-23,GE,7.97000,128643149
12060,2019-08-26,GE,8.05000,58001253
12060,2019-08-27,GE,7.93000,66128924
12060,2019-08-28,GE,7.94000,57703520
12060,2019-08-29,GE,8.11000,58769871
12060,2019-08-30,GE,8.25000,47362306
12060,2019-09-03,GE,8.33000,67658893
12060,2019-09-04,GE,8.80000,93667301
12060,2019-09-05,GE,8.81000,86959548
12060,2019-09-06,GE,8.71000,42846151
12060,2019-09-09,GE,8.96000,49960546
12060,2019-09-10,GE,9.14000,62617211
12060,2019-09-11,GE,9.36000,57094946
12060,2019-09-12,GE,9.26000,68115146
12060,2019-09-13,GE,9.34000,45589448
12060,2019-09-16,GE,9.38000,45748351
12060,2019-09-17,GE,9.36000,38106281
12060,2019-09-18,GE,9.38000,40611382
12060,2019-09-19,GE,9.42000,34127580
12060,2019-09-20,GE,9.37000,58256814
12060,2019-09-23,GE,9.34000,34058757
12060,2019-09-24,GE,8.97000,53879408
12060,2019-09-25,GE,9.16000,43984347
12060,2019-09-26,GE,9.02000,37613798
12060,2019-09-27,GE,9.04000,30521211
12060,2019-09-30,GE,8.94000,35356841
12060,2019-10-01,GE,8.61000,68953593
12060,2019-10-02,GE,8.51000,47649070
12060,2019-10-03,GE,8.71000,58960435
12060,2019-10-04,GE,8.57000,52517923
12060,2019-10-07,GE,8.56000,32500498
12060,2019-10-08,GE,8.28000,45795910
12060,2019-10-09,GE,8.35000,33202144
12060,2019-10-10,GE,8.45000,33759230
12060,2019-10-11,GE,8.80000,56335243
12060,2019-10-14,GE,8.72000,34261306
12060,2019-10-15,GE,8.89000,39379435
12060,2019-10-16,GE,8.90000,58155134
12060,2019-10-17,GE,9.04000,33309667
12060,2019-10-18,GE,8.96000,39015782
12060,2019-10-21,GE,8.79000,63791847
12060,2019-10-22,GE,9.06000,60171716
12060,2019-10-23,GE,9.14000,47661201
12060,2019-10-24,GE,8.95000,37024740
12060,2019-10-25,GE,9.00000,42159650
12060,2019-10-28,GE,9.07000,31754934
12060,2019-10-29,GE,9.07000,45758954
12060,2019-10-30,GE,10.11000,215943364
12060,2019-10-31,GE,9.98000,86633871
12060,2019-11-01,GE,10.38000,82053314
12060,2019-11-04,GE,10.93000,97780044
12060,2019-11-05,GE,10.97000,71381739
12060,2019-11-06,GE,11.02000,78002324
12060,2019-11-07,GE,11.29000,71082286
12060,2019-11-08,GE,11.52000,62543041
12060,2019-11-11,GE,11.35000,45594125
12060,2019-11-12,GE,11.42000,48942941
12060,2019-11-13,GE,11.29000,54316972
12060,2019-11-14,GE,11.29000,30843048
12060,2019-11-15,GE,11.52000,38248491
12060,2019-11-18,GE,11.44000,50990212
12060,2019-11-19,GE,11.50000,46837183
12060,2019-11-20,GE,11.39000,46703546
12060,2019-11-21,GE,11.53000,41688757
12060,2019-11-22,GE,11.55000,38481848
12060,2019-11-25,GE,11.58000,56718020
12060,2019-11-26,GE,11.35000,64225022
12060,2019-11-27,GE,11.29000,45508131
12060,2019-11-29,GE,11.27000,22739254
12060,2019-12-02,GE,11.16000,68766609
12060,2019-12-03,GE,10.99000,66011293
12060,2019-12-04,GE,10.90000,43789605
12060,2019-12-05,GE,10.79000,47289958
12060,2019-12-06,GE,11.10000,50605752
12060,2019-12-09,GE,10.99000,28494371
12060,2019-12-10,GE,11.01000,24784457
12060,2019-12-11,GE,10.97000,36845639
12060,2019-12-12,GE,11.44000,99933041
12060,2019-12-13,GE,11.34000,52805644
12060,2019-12-16,GE,11.17000,55548195
12060,2019-12-17,GE,11.10000,41779949
12060,2019-12-18,GE,10.96000,75456461
12060,2019-12-19,GE,11.04000,45313999
12060,2019-12-20,GE,11.03000,73649120
12060,2019-12-23,GE,11.16000,44036081
12060,2019-12-24,GE,11.19000,20768961
12060,2019-12-26,GE,11.23000,30384123
12060,2019-12-27,GE,11.18000,30009889
12060,2019-12-30,GE,11.08000,48153927
12060,2019-12-31,GE,11.16000,56665962
12060,2020-01-02,GE,11.93000,87533889
12060,2020-01-03,GE,11.97000,85917189
12060,2020-01-06,GE,12.14000,111971423
12060,2020-01-07,GE,12.05000,71056182
12060,2020-01-08,GE,11.94000,55472798
12060,2020-01-09,GE,11.91000,39388376
12060,2020-01-10,GE,11.67000,58672011
12060,2020-01-13,GE,12.12000,66209642
12060,2020-01-14,GE,12.03000,45073236
12060,2020-01-15,GE,11.87000,46051029
12060,2020-01-16,GE,11.84000,36673591
12060,2020-01-17,GE,11.81000,46580731
12060,2020-01-21,GE,11.66000,43738186
12060,2020-01-22,GE,11.37000,61947833
12060,2020-01-23,GE,11.77000,73162894
12060,2020-01-24,GE,11.71000,59375767
12060,2020-01-27,GE,11.44000,47862566
12060,2020-01-28,GE,11.73000,62928610
12060,2020-01-29,GE,12.94000,220815133
12060,2020-01-30,GE,12.73000,95469310
12060,2020-01-31,GE,12.45000,77984002
12060,2020-02-03,GE,12.26000,50399270
12060,2020-02-04,GE,12.58000,44385209
12060,2020-02-05,GE,12.86000,50073948
12060,2020-02-06,GE,12.95000,63613884
12060,2020-02-07,GE,12.83000,66636634
12060,2020-02-10,GE,12.91000,33495495
12060,2020-02-11,GE,12.85000,40882296
12060,2020-02-12,GE,13.16000,65712883
12060,2020-02-13,GE,12.94000,51012339
12060,2020-02-14,GE,12.83000,36967105
12060,2020-02-18,GE,12.75000,44023162
12060,2020-02-19,GE,12.61000,54878271
12060,2020-02-20,GE,12.53000,39561915
12060,2020-02-21,GE,12.25000,42921245
12060,2020-02-24,GE,11.86000,70978009
12060,2020-02-25,GE,11.32000,81087407
12060,2020-02-26,GE,10.95000,93171377
12060,2020-02-27,GE,10.39000,94250493
12060,2020-02-28,GE,10.88000,151373243
12060,2020-03-02,GE,11.21000,124802207
12060,2020-03-03,GE,10.88000,109249218
12060,2020-03-04,GE,10.95000,83063093
12060,2020-03-05,GE,10.08000,108087248
12060,2020-03-06,GE,9.40000,148463537
12060,2020-03-09,GE,8.21000,122400682
12060,2020-03-10,GE,8.85000,98938885
12060,2020-03-11,GE,8.21000,103540414
12060,2020-03-12,GE,7.23000,157416080
12060,2020-03-13,GE,7.85000,110144631
12060,2020-03-16,GE,6.66000,115910727
12060,2020-03-17,GE,7.08000,120226045
12060,2020-03-18,GE,6.60000,138927007
12060,2020-03-19,GE,6.48000,98993744
12060,2020-03-20,GE,6.52000,126128657
12060,2020-03-23,GE,6.11000,105631137
12060,2020-03-24,GE,7.01000,119493833
12060,2020-03-25,GE,7.56000,137886458
12060,2020-03-26,GE,8.12000,123278589
12060,2020-03-27,GE,7.62000,93299019
12060,2020-03-30,GE,7.89000,86850184
12060,2020-03-31,GE,7.94000,121149889
12060,2020-04-01,GE,7.04000,99556876
12060,2020-04-02,GE,6.90000,97498380
12060,2020-04-03,GE,6.73000,97803257
12060,2020-04-06,GE,7.23000,98048627
12060,2020-04-07,GE,7.03000,96087784
12060,2020-04-08,GE,7.30000,92650709
12060,2020-04-09,GE,7.14000,128361777
12060,2020-04-13,GE,7.02000,94074487
12060,2020-04-14,GE,6.93000,107067193
12060,2020-04-15,GE,6.50000,138220834
12060,2020-04-16,GE,6.24000,165678212
12060,2020-04-17,GE,6.84000,165907834
12060,2020-04-20,GE,6.51000,99691614
12060,2020-04-21,GE,6.48000,77453062
12060,2020-04-22,GE,6.43000,76844099
12060,2020-04-23,GE,6.52000,82796111
12060,2020-04-24,GE,6.26000,155976769
12060,2020-04-27,GE,6.43000,107038189
12060,2020-04-28,GE,6.80000,140668593
12060,2020-04-29,GE,6.58000,225227990
12060,2020-04-30,GE,6.80000,175711114
14593,2018-05-02,AAPL,176.57001,66541423
14593,2018-05-03,AAPL,176.89000,34064280
14593,2018-05-04,AAPL,183.83000,56354772
14593,2018-05-07,AAPL,185.16000,42445840
14593,2018-05-08,AAPL,186.05000,28400477
14593,2018-05-09,AAPL,187.36000,23203941
14593,2018-05-10,AAPL,190.03999,27979989
14593,2018-05-11,AAPL,188.59000,26309043
14593,2018-05-14,AAPL,188.14999,20773210
14593,2018-05-15,AAPL,186.44000,23693162
14593,2018-05-16,AAPL,188.17999,19174964
14593,2018-05-17,AAPL,186.99001,17359080
14593,2018-05-18,AAPL,186.31000,18293237
14593,2018-05-21,AAPL,187.63000,18398394
14593,2018-05-22,AAPL,187.16000,15235329
14593,2018-05-23,AAPL,188.36000,20053515
14593,2018-05-24,AAPL,188.14999,23224785
14593,2018-05-25,AAPL,188.58000,17456889
14593,2018-05-29,AAPL,187.89999,22512657
14593,2018-05-30,AAPL,187.50000,18688085
14593,2018-05-31,AAPL,186.87000,27468415
14593,2018-06-01,AAPL,190.24001,23437212
14593,2018-06-04,AAPL,191.83000,26261274
14593,2018-06-05,AAPL,193.31000,21558401
14593,2018-06-06,AAPL,193.98000,21127619
14593,2018-06-07,AAPL,193.46001,21345867
14593,2018-06-08,AAPL,191.70000,26651199
14593,2018-06-11,AAPL,191.23000,18306460
14593,2018-06-12,AAPL,192.28000,16881792
14593,2018-06-13,AAPL,190.70000,21626572
14593,2018-06-14,AAPL,190.80000,21604514
14593,2018-06-15,AAPL,188.84000,61962552
14593,2018-06-18,AAPL,188.74001,18481820
14593,2018-06-19,AAPL,185.69000,33566039
14593,2018-06-20,AAPL,186.50000,20623324
14593,2018-06-21,AAPL,185.46001,25652398
14593,2018-06-22,AAPL,184.92000,27185747
14593,2018-06-25,AAPL,182.17000,31651394
14593,2018-06-26,AAPL,184.42999,24530516
14593,2018-06-27,AAPL,184.16000,25214403
14593,2018-06-28,AAPL,185.50000,17346693
14593,2018-06-29,AAPL,185.11000,22597450
14593,2018-07-02,AAPL,187.17999,17612113
14593,2018-07-03,AAPL,183.92000,13909764
14593,2018-07-05,AAPL,185.39999,16592763
14593,2018-07-06,AAPL,187.97000,17474674
14593,2018-07-09,AAPL,190.58000,19740573
14593,2018-07-10,AAPL,190.35001,15875755
14593,2018-07-11,AAPL,187.88000,18819021
14593,2018-07-12,AAPL,191.03000,18031040
14593,2018-07-13,AAPL,191.33000,12487376
14593,2018-07-16,AAPL,190.91000,15030858
14593,2018-07-17,AAPL,191.45000,15501546
14593,2018-07-18,AAPL,190.39999,16369281
14593,2018-07-19,AAPL,191.88000,20261772
14593,2018-07-20,AAPL,191.44000,20363954
14593,2018-07-23,AAPL,191.61000,15978214
14593,2018-07-24,AAPL,193.00000,18566211
14593,2018-07-25,AAPL,194.82001,16658928
14593,2018-07-26,AAPL,194.21001,18896667
14593,2018-07-27,AAPL,190.98000,23956208
14593,2018-07-30,AAPL,189.91000,21026954
14593,2018-07-31,AAPL,190.28999,39413440
14593,2018-08-01,AAPL,201.50000,67929016
14593,2018-08-02,AAPL,207.39000,62403382
14593,2018-08-03,AAPL,207.99001,33455474
14593,2018-08-06,AAPL,209.07001,25424187
14593,2018-08-07,AAPL,207.11000,25583772
14593,2018-08-08,AAPL,207.25000,22524820
14593,2018-08-09,AAPL,208.88000,23489476
14593,2018-08-10,AAPL,207.53000,24900152
14593,2018-08-13,AAPL,208.87000,25888580
14593,2018-08-14,AAPL,209.75000,20733210
14593,2018-08-15,AAPL,210.24001,28803464
14593,2018-08-16,AAPL,213.32001,28499141
14593,2018-08-17,AAPL,217.58000,35423222
14593,2018-08-20,AAPL,215.46001,30285517
14593,2018-08-21,AAPL,215.03999,26151763
14593,2018-08-22,AAPL,215.05000,19013736
14593,2018-08-23,AAPL,215.49001,18879935
14593,2018-08-24,AAPL,216.16000,18473656
14593,2018-08-27,AAPL,217.94000,20520142
14593,2018-08-28,AAPL,219.70000,22775594
14593,2018-08-29,AAPL,222.98000,27254154
14593,2018-08-30,AAPL,225.03000,48899298
14593,2018-08-31,AAPL,227.63000,43340143
14593,2018-09-04,AAPL,228.36000,27387073
14593,2018-09-05,AAPL,226.87000,33369115
14593,2018-09-06,AAPL,223.10001,34286666
14593,2018-09-07,AAPL,221.30000,37616010
14593,2018-09-10,AAPL,218.33000,39516786
14593,2018-09-11,AAPL,223.85001,35749054
14593,2018-09-12,AAPL,221.07001,49291846
14593,2018-09-13,AAPL,226.41000,41711910
14593,2018-09-14,AAPL,223.84000,32100597
14593,2018-09-17,AAPL,217.88000,37187315
14593,2018-09-18,AAPL,218.24001,31568212
14593,2018-09-19,AAPL,218.37000,27116578
14593,2018-09-20,AAPL,220.03000,26590294
14593,2018-09-21,AAPL,217.66000,96243548
14593,2018-09-24,AAPL,220.78999,27693383
14593,2018-09-25,AAPL,222.19000,24550084
14593,2018-09-26,AAPL,220.42000,23983106
14593,2018-09-27,AAPL,224.95000,30186438
14593,2018-09-28,AAPL,225.74001,22926957
14593,2018-10-01,AAPL,227.25999,23599774
14593,2018-10-02,AAPL,229.28000,25047820
14593,2018-10-03,AAPL,232.07001,28651227
14593,2018-10-04,AAPL,227.99001,32039176
14593,2018-10-05,AAPL,224.28999,33575176
14593,2018-10-08,AAPL,223.77000,29660651
14593,2018-10-09,AAPL,226.87000,26891929
14593,2018-10-10,AAPL,216.36000,42008196
14593,2018-10-11,AAPL,214.45000,53127001
14593,2018-10-12,AAPL,222.11000,40337354
14593,2018-10-15,AAPL,217.36000,30781606
14593,2018-10-16,AAPL,222.14999,29181563
14593,2018-10-17,AAPL,221.19000,22885302
14593,2018-10-18,AAPL,216.02000,32579515
14593,2018-10-19,AAPL,219.31000,33080889
14593,2018-10-22,AAPL,220.64999,28791082
14593,2018-10-23,AAPL,222.73000,38950162
14593,2018-10-24,AAPL,215.09000,40923563
14593,2018-10-25,AAPL,219.80000,29852618
14593,2018-10-26,AAPL,216.30000,47257879
14593,2018-10-29,AAPL,212.24001,45932425
14593,2018-10-30,AAPL,213.30000,36658742
14593,2018-10-31,AAPL,218.86000,38359479
14593,2018-11-01,AAPL,222.22000,58331798
14593,2018-11-02,AAPL,207.48000,91349313
14593,2018-11-05,AAPL,201.59000,66164146
14593,2018-11-06,AAPL,203.77000,31939211
14593,2018-11-07,AAPL,209.95000,33424757
14593,2018-11-08,AAPL,208.49001,25361461
14593,2018-11-09,AAPL,204.47000,34364958
14593,2018-11-12,AAPL,194.17000,51157880
14593,2018-11-13,AAPL,192.23000,46879636
14593,2018-11-14,AAPL,186.80000,60803862
14593,2018-11-15,AAPL,191.41000,46477007
14593,2018-11-16,AAPL,193.53000,36928131
14593,2018-11-19,AAPL,185.86000,41921937
14593,2018-11-20,AAPL,176.98000,67832035
14593,2018-11-21,AAPL,176.78000,31123011
14593,2018-11-23,AAPL,172.28999,23623972
14593,2018-11-26,AAPL,174.62000,44997072
14593,2018-11-27,AAPL,174.24001,41382277
14593,2018-11-28,AAPL,180.94000,46061542
14593,2018-11-29,AAPL,179.55000,41769792
14593,2018-11-30,AAPL,178.58000,39530489
14593,2018-12-03,AAPL,184.82001,40794741
14593,2018-12-04,AAPL,176.69000,41344113
14593,2018-12-06,AAPL,174.72000,43097763
14593,2018-12-07,AAPL,168.49001,42280931
14593,2018-12-10,AAPL,169.60001,62027294
14593,2018-12-11,AAPL,168.63000,47276065
14593,2018-12-12,AAPL,169.10001,35627037
14593,2018-12-13,AAPL,170.95000,31897762
14593,2018-12-14,AAPL,165.48000,40703010
14593,2018-12-17,AAPL,163.94000,44227262
14593,2018-12-18,AAPL,166.07001,33840420
14593,2018-12-19,AAPL,160.89000,49044699
14593,2018-12-20,AAPL,156.83000,64772300
14593,2018-12-21,AAPL,150.73000,95745920
14593,2018-12-24,AAPL,146.83000,37249292
14593,2018-12-26,AAPL,157.17000,58584634
14593,2018-12-27,AAPL,156.14999,53117005
14593,2018-12-28,AAPL,156.23000,42291347
14593,2018-12-31,AAPL,157.74001,35003466
14593,2019-01-02,AAPL,157.92000,37066356
14593,2019-01-03,AAPL,142.19000,91373695
14593,2019-01-04,AAPL,148.25999,58603001
14593,2019-01-07,AAPL,147.92999,54770364
14593,2019-01-08,AAPL,150.75000,41026062
14593,2019-01-09,AAPL,153.31000,45098881
14593,2019-01-10,AAPL,153.80000,35778275
14593,2019-01-11,AAPL,152.28999,27017204
14593,2019-01-14,AAPL,150.00000,32468877
14593,2019-01-15,AAPL,153.07001,28707624
14593,2019-01-16,AAPL,154.94000,31038506
14593,2019-01-17,AAPL,155.86000,29820196
14593,2019-01-18,AAPL,156.82001,33747398
14593,2019-01-22,AAPL,153.30000,30390836
14593,2019-01-23,AAPL,153.92000,23128770
14593,2019-01-24,AAPL,152.70000,25439969
14593,2019-01-25,AAPL,157.75999,33543693
14593,2019-01-28,AAPL,156.30000,26189758
14593,2019-01-29,AAPL,154.67999,41582339
14593,2019-01-30,AAPL,165.25000,61110767
14593,2019-01-31,AAPL,166.44000,40735850
14593,2019-02-01,AAPL,166.52000,32678838
14593,2019-02-04,AAPL,171.25000,31493982
14593,2019-02-05,AAPL,174.17999,36099339
14593,2019-02-06,AAPL,174.24001,28234691
14593,2019-02-07,AAPL,170.94000,31758590
14593,2019-02-08,AAPL,170.41000,23818606
14593,2019-02-11,AAPL,169.42999,20992225
14593,2019-02-12,AAPL,170.89000,22289660
14593,2019-02-13,AAPL,170.17999,22492533
14593,2019-02-14,AAPL,170.80000,21833598
14593,2019-02-15,AAPL,170.42000,24625614
14593,2019-02-19,AAPL,170.92999,19268826
14593,2019-02-20,AAPL,172.03000,26111462
14593,2019-02-21,AAPL,171.06000,17247080
14593,2019-02-22,AAPL,172.97000,18907829
14593,2019-02-25,AAPL,174.23000,21870758
14593,2019-02-26,AAPL,174.33000,17068911
14593,2019-02-27,AAPL,174.87000,27832500
14593,2019-02-28,AAPL,173.14999,28214816
14593,2019-03-01,AAPL,174.97000,25884817
14593,2019-03-04,AAPL,175.85001,27448424
14593,2019-03-05,AAPL,175.53000,19735919
14593,2019-03-06,AAPL,174.52000,20832292
14593,2019-03-07,AAPL,172.50000,24795166
14593,2019-03-08,AAPL,172.91000,23997584
14593,2019-03-11,AAPL,178.89999,32008934
14593,2019-03-12,AAPL,180.91000,32466191
14593,2019-03-13,AAPL,181.71001,31032024
14593,2019-03-14,AAPL,183.73000,23579408
14593,2019-03-15,AAPL,186.12000,39041265
14593,2019-03-18,AAPL,188.02000,26218632
14593,2019-03-19,AAPL,186.53000,31645700
14593,2019-03-20,AAPL,188.16000,31034436
14593,2019-03-21,AAPL,195.09000,51035993
14593,2019-03-22,AAPL,191.05000,42405890
14593,2019-03-25,AAPL,188.74001,43844370
14593,2019-03-26,AAPL,186.78999,49798847
14593,2019-03-27,AAPL,188.47000,29847108
14593,2019-03-28,AAPL,188.72000,20779811
14593,2019-03-29,AAPL,189.95000,23561761
14593,2019-04-01,AAPL,191.24001,27858987
14593,2019-04-02,AAPL,194.02000,22791540
14593,2019-04-03,AAPL,195.35001,23271030
14593,2019-04-04,AAPL,195.69000,19303875
14593,2019-04-05,AAPL,197.00000,18524554
14593,2019-04-08,AAPL,200.10001,25890849
14593,2019-04-09,AAPL,199.50000,35767039
14593,2019-04-10,AAPL,200.62000,21694194
14593,2019-04-11,AAPL,198.95000,20901963
14593,2019-04-12,AAPL,198.87000,27762780
14593,2019-04-15,AAPL,199.23000,17542846
14593,2019-04-16,AAPL,199.25000,25692516
14593,2019-04-17,AAPL,203.13000,29483980
14593,2019-04-18,AAPL,203.86000,24195522
14593,2019-04-22,AAPL,204.53000,19437945
14593,2019-04-23,AAPL,207.48000,23320966
14593,2019-04-24,AAPL,207.16000,17540709
14593,2019-04-25,AAPL,205.28000,18548766
14593,2019-04-26,AAPL,204.30000,18648802
14593,2019-04-29,AAPL,204.61000,22202685
14593,2019-04-30,AAPL,200.67000,46544289
14593,2019-05-01,AAPL,210.52000,64824888
14593,2019-05-02,AAPL,209.14999,31991644
14593,2019-05-03,AAPL,211.75000,20889860
14593,2019-05-06,AAPL,208.48000,32462506
14593,2019-05-07,AAPL,202.86000,38762998
14593,2019-05-08,AAPL,202.89999,26338504
14593,2019-05-09,AAPL,200.72000,34907732
14593,2019-05-10,AAPL,197.17999,41209333
14593,2019-05-13,AAPL,185.72000,57428248
14593,2019-05-14,AAPL,188.66000,36528577
14593,2019-05-15,AAPL,190.92000,26543819
14593,2019-05-16,AAPL,190.08000,33055064
14593,2019-05-17,AAPL,189.00000,32877900
14593,2019-05-20,AAPL,183.09000,38612734
14593,2019-05-21,AAPL,186.60001,28362748
14593,2019-05-22,AAPL,182.78000,29742557
14593,2019-05-23,AAPL,179.66000,36524451
14593,2019-05-24,AAPL,178.97000,23711486
14593,2019-05-28,AAPL,178.23000,27943231
14593,2019-05-29,AAPL,177.38000,28478896
14593,2019-05-30,AAPL,178.30000,21210823
14593,2019-05-31,AAPL,175.07001,27041199
14593,2019-06-03,AAPL,173.30000,40386569
14593,2019-06-04,AAPL,179.64000,30956074
14593,2019-06-05,AAPL,182.53999,29761727
14593,2019-06-06,AAPL,185.22000,22523211
14593,2019-06-07,AAPL,190.14999,30672393
14593,2019-06-10,AAPL,192.58000,26213291
14593,2019-06-11,AAPL,194.81000,26923682
14593,2019-06-12,AAPL,194.19000,18228389
14593,2019-06-13,AAPL,194.14999,21888245
14593,2019-06-14,AAPL,192.74001,18741774
14593,2019-06-17,AAPL,193.89000,14663494
14593,2019-06-18,AAPL,198.45000,26552004
14593,2019-06-19,AAPL,197.87000,21122515
14593,2019-06-20,AAPL,199.46001,21902988
14593,2019-06-21,AAPL,198.78000,47795010
14593,2019-06-24,AAPL,198.58000,18712221
14593,2019-06-25,AAPL,195.57001,21063643
14593,2019-06-26,AAPL,199.80000,26062169
14593,2019-06-27,AAPL,199.74001,20887907
14593,2019-06-28,AAPL,197.92000,31090917
14593,2019-07-01,AAPL,201.55000,27301274
14593,2019-07-02,AAPL,202.73000,16934518
14593,2019-07-03,AAPL,204.41000,11359745
14593,2019-07-05,AAPL,204.23000,17256918
14593,2019-07-08,AAPL,200.02000,25333443
14593,2019-07-09,AAPL,201.24001,20569915
14593,2019-07-10,AAPL,203.23000,17892756
14593,2019-07-11,AAPL,201.75000,20177392
14593,2019-07-12,AAPL,203.30000,17586813
14593,2019-07-15,AAPL,205.21001,16928121
14593,2019-07-16,AAPL,204.50000,16857399
14593,2019-07-17,AAPL,203.35001,14096678
14593,2019-07-18,AAPL,205.66000,18574811
14593,2019-07-19,AAPL,202.59000,20917720
14593,2019-07-22,AAPL,207.22000,22216354
14593,2019-07-23,AAPL,208.84000,18334380
14593,2019-07-24,AAPL,208.67000,14986867
14593,2019-07-25,AAPL,207.02000,13902767
14593,2019-07-26,AAPL,207.74001,17627074
14593,2019-07-29,AAPL,209.67999,21654489
14593,2019-07-30,AAPL,208.78000,33896655
14593,2019-07-31,AAPL,213.03999,69244350
14593,2019-08-01,AAPL,208.42999,54311222
14593,2019-08-02,AAPL,204.02000,40847150
14593,2019-08-05,AAPL,193.34000,52387541
14593,2019-08-06,AAPL,197.00000,35819392
14593,2019-08-07,AAPL,199.03999,33363472
14593,2019-08-08,AAPL,203.42999,27004723
14593,2019-08-09,AAPL,200.99001,24613446
14593,2019-08-12,AAPL,200.48000,22468589
14593,2019-08-13,AAPL,208.97000,47535186
14593,2019-08-14,AAPL,202.75000,36538683
14593,2019-08-15,AAPL,201.74001,27879916
14593,2019-08-16,AAPL,206.50000,28807925
14593,2019-08-19,AAPL,210.35001,24422407
14593,2019-08-20,AAPL,210.36000,26913129
14593,2019-08-21,AAPL,212.64000,21563248
14593,2019-08-22,AAPL,212.46001,22257315
14593,2019-08-23,AAPL,202.64000,46863844
14593,2019-08-26,AAPL,206.49001,26063130
14593,2019-08-27,AAPL,204.16000,25896044
14593,2019-08-28,AAPL,205.53000,15949732
14593,2019-08-29,AAPL,209.00999,21004630
14593,2019-08-30,AAPL,208.74001,21161461
14593,2019-09-03,AAPL,205.70000,20053174
14593,2019-09-04,AAPL,209.19000,19211820
14593,2019-09-05,AAPL,213.28000,23939878
14593,2019-09-06,AAPL,213.25999,19356432
14593,2019-09-09,AAPL,214.17000,27297513
14593,2019-09-10,AAPL,216.70000,31768578
14593,2019-09-11,AAPL,223.59000,44257876
14593,2019-09-12,AAPL,223.08501,32218891
14593,2019-09-13,AAPL,218.75000,39760996
14593,2019-09-16,AAPL,219.89999,21154486
14593,2019-09-17,AAPL,220.70000,18382388
14593,2019-09-18,AAPL,222.77000,25635196
14593,2019-09-19,AAPL,220.96001,22180876
14593,2019-09-20,AAPL,217.73000,57988486
14593,2019-09-23,AAPL,218.72000,19410863
14593,2019-09-24,AAPL,217.67999,31431174
14593,2019-09-25,AAPL,221.03000,22474707
14593,2019-09-26,AAPL,219.89000,19084919
14593,2019-09-27,AAPL,218.82001,25355885
14593,2019-09-30,AAPL,223.97000,26316121
14593,2019-10-01,AAPL,224.59000,36184163
14593,2019-10-02,AAPL,218.96001,35762557
14593,2019-10-03,AAPL,220.82001,30339486
14593,2019-10-04,AAPL,227.00999,34738253
14593,2019-10-07,AAPL,227.06000,30880517
14593,2019-10-08,AAPL,224.39999,29293920
14593,2019-10-09,AAPL,227.03000,19024974
14593,2019-10-10,AAPL,230.09000,28957404
14593,2019-10-11,AAPL,236.21001,41980095
14593,2019-10-14,AAPL,235.87000,24418600
14593,2019-10-15,AAPL,235.32001,23030284
14593,2019-10-16,AAPL,234.37000,19272384
14593,2019-10-17,AAPL,235.28000,17259800
14593,2019-10-18,AAPL,236.41000,24371893
14593,2019-10-21,AAPL,240.50999,22363146
14593,2019-10-22,AAPL,239.96001,22677125
14593,2019-10-23,AAPL,243.17999,19927683
14593,2019-10-24,AAPL,243.58000,17980028
14593,2019-10-25,AAPL,246.58000,18359296
14593,2019-10-28,AAPL,249.05000,24408400
14593,2019-10-29,AAPL,243.28999,35691101
14593,2019-10-30,AAPL,243.25999,31078874
14593,2019-10-31,AAPL,248.75999,34783102
14593,2019-11-01,AAPL,255.82001,37774144
14593,2019-11-04,AAPL,257.50000,25816252
14593,2019-11-05,AAPL,257.13000,19971327
14593,2019-11-06,AAPL,257.23999,18963537
14593,2019-11-07,AAPL,259.42999,23728280
14593,2019-11-08,AAPL,260.14001,17511913
14593,2019-11-11,AAPL,262.20001,21149174
14593,2019-11-12,AAPL,261.95999,21827393
14593,2019-11-13,AAPL,264.47000,25881532
14593,2019-11-14,AAPL,262.64001,22377905
14593,2019-11-15,AAPL,265.76001,25083852
14593,2019-11-18,AAPL,267.10001,21690097
14593,2019-11-19,AAPL,266.29001,19061281
14593,2019-11-20,AAPL,263.19000,26606019
14593,2019-11-21,AAPL,262.01001,30393258
14593,2019-11-22,AAPL,261.78000,16325558
14593,2019-11-25,AAPL,266.37000,21026717
14593,2019-11-26,AAPL,264.29001,26328512
14593,2019-11-27,AAPL,267.84000,16383606
14593,2019-11-29,AAPL,267.25000,11654164
14593,2019-12-02,AAPL,264.16000,23661572
14593,2019-12-03,AAPL,259.45001,29322658
14593,2019-12-04,AAPL,261.73999,16798262
14593,2019-12-05,AAPL,265.57999,18863738
14593,2019-12-06,AAPL,270.70999,26518485
14593,2019-12-09,AAPL,266.92001,32156321
14593,2019-12-10,AAPL,268.48001,22590093
14593,2019-12-11,AAPL,270.76999,19703741
14593,2019-12-12,AAPL,271.45999,34375256
14593,2019-12-13,AAPL,275.14999,33380811
14593,2019-12-16,AAPL,279.85999,32053548
14593,2019-12-17,AAPL,280.41000,28559039
14593,2019-12-18,AAPL,279.73999,29006028
14593,2019-12-19,AAPL,280.01999,24604314
14593,2019-12-20,AAPL,279.44000,68999972
14593,2019-12-23,AAPL,284.00000,24645515
14593,2019-12-24,AAPL,284.26999,12105327
14593,2019-12-26,AAPL,289.91000,23320594
14593,2019-12-27,AAPL,289.79999,36547580
14593,2019-12-30,AAPL,291.51999,36075285
14593,2019-12-31,AAPL,293.64999,25211173
14593,2020-01-02,AAPL,300.35001,33884314
14593,2020-01-03,AAPL,297.42999,36604600
14593,2020-01-06,AAPL,299.79999,29597401
14593,2020-01-07,AAPL,298.39001,27864170
14593,2020-01-08,AAPL,303.19000,33060420
14593,2020-01-09,AAPL,309.63000,42591634
14593,2020-01-10,AAPL,310.32999,35186623
14593,2020-01-13,AAPL,316.95999,30502330
14593,2020-01-14,AAPL,312.67999,40621057
14593,2020-01-15,AAPL,311.34000,30452727
14593,2020-01-16,AAPL,315.23999,27627154
14593,2020-01-17,AAPL,318.73001,34420045
14593,2020-01-21,AAPL,316.57001,27674778
14593,2020-01-22,AAPL,317.70001,25432169
14593,2020-01-23,AAPL,319.23001,26094188
14593,2020-01-24,AAPL,318.31000,36599802
14593,2020-01-27,AAPL,308.95001,40414808
14593,2020-01-28,AAPL,317.69000,40519265
14593,2020-01-29,AAPL,324.34000,54084956
14593,2020-01-30,AAPL,323.87000,31655940
14593,2020-01-31,AAPL,309.51001,49774162
14593,2020-02-03,AAPL,308.66000,43429346
14593,2020-02-04,AAPL,318.85001,34121782
14593,2020-02-05,AAPL,321.45001,29676769
14593,2020-02-06,AAPL,325.20999,26335234
14593,2020-02-07,AAPL,320.03000,29385908
14593,2020-02-10,AAPL,321.54999,27300253
14593,2020-02-11,AAPL,319.60999,23553383
14593,2020-02-12,AAPL,327.20001,28389294
14593,2020-02-13,AAPL,324.87000,23664270
14593,2020-02-14,AAPL,324.95001,20012702
14593,2020-02-18,AAPL,319.00000,38134455
14593,2020-02-19,AAPL,323.62000,23475508
14593,2020-02-20,AAPL,320.29999,25104231
14593,2020-02-21,AAPL,313.04999,32382677
14593,2020-02-24,AAPL,298.17999,55358969
14593,2020-02-25,AAPL,288.07999,57562282
14593,2020-02-26,AAPL,292.64999,49617890
14593,2020-02-27,AAPL,273.51999,80001860
14593,2020-02-28,AAPL,273.35999,106327264
14593,2020-03-02,AAPL,298.81000,85232545
14593,2020-03-03,AAPL,289.32001,79720151
14593,2020-03-04,AAPL,302.73999,54708936
14593,2020-03-05,AAPL,292.92001,46806481
14593,2020-03-06,AAPL,289.03000,56478313
14593,2020-03-09,AAPL,266.17001,71558828
14593,2020-03-10,AAPL,285.34000,71270996
14593,2020-03-11,AAPL,275.42999,64033461
14593,2020-03-12,AAPL,248.23000,104451482
14593,2020-03-13,AAPL,277.97000,92561680
14593,2020-03-16,AAPL,242.21001,80551692
14593,2020-03-17,AAPL,252.86000,80907982
14593,2020-03-18,AAPL,246.67000,74920302
14593,2020-03-19,AAPL,244.78000,67827866
14593,2020-03-20,AAPL,229.24001,100272318
14593,2020-03-23,AAPL,224.37000,83978689
14593,2020-03-24,AAPL,246.88000,71791972
14593,2020-03-25,AAPL,245.52000,75687406
14593,2020-03-26,AAPL,258.44000,63019408
14593,2020-03-27,AAPL,247.74001,50970706
14593,2020-03-30,AAPL,254.81000,41921042
14593,2020-03-31,AAPL,254.28999,49168898
14593,2020-04-01,AAPL,240.91000,43978002
14593,2020-04-02,AAPL,244.92999,41424453
14593,2020-04-03,AAPL,241.41000,32428323
14593,2020-04-06,AAPL,262.47000,50353687
14593,2020-04-07,AAPL,259.42999,50624293
14593,2020-04-08,AAPL,266.07001,42151786
14593,2020-04-09,AAPL,267.98999,40446131
14593,2020-04-13,AAPL,273.25000,32689382
14593,2020-04-14,AAPL,287.04999,48660844
14593,2020-04-15,AAPL,284.42999,32742364
14593,2020-04-16,AAPL,286.69000,39214816
14593,2020-04-17,AAPL,282.79999,53719852
14593,2020-04-20,AAPL,276.92999,32441064
14593,2020-04-21,AAPL,268.37000,45156556
14593,2020-04-22,AAPL,276.10001,29252005
14593,2020-04-23,AAPL,275.03000,31149011
14593,2020-04-24,AAPL,282.97000,31580110
14593,2020-04-27,AAPL,283.17001,29220803
14593,2020-04-28,AAPL,278.57999,27958780
14593,2020-04-29,AAPL,287.73001,34259132
14593,2020-04-30,AAPL,293.79999,45665290
25785,2018-05-02,F,11.21000,41899467
25785,2018-05-03,F,11.20000,38907404
25785,2018-05-04,F,11.36000,32043468
25785,2018-05-07,F,11.34000,27510279
25785,2018-05-08,F,11.27000,25754109
25785,2018-05-09,F,11.06000,43731958
25785,2018-05-10,F,11.21000,32023835
25785,2018-05-11,F,11.19000,19837675
25785,2018-05-14,F,11.18000,27903121
25785,2018-05-15,F,11.22000,26950114
25785,2018-05-16,F,11.40000,28976692
25785,2018-05-17,F,11.46000,20741087
25785,2018-05-18,F,11.33000,23893731
25785,2018-05-21,F,11.51000,31011916
25785,2018-05-22,F,11.52000,22360885
25785,2018-05-23,F,11.44000,23595004
25785,2018-05-24,F,11.62000,34876334
25785,2018-05-25,F,11.51000,19337470
25785,2018-05-29,F,11.44000,31324274
25785,2018-05-30,F,11.55000,25554593
25785,2018-05-31,F,11.55000,61563249
25785,2018-06-01,F,11.71000,35406189
25785,2018-06-04,F,11.74000,25141346
25785,2018-06-05,F,11.83000,31036704
25785,2018-06-06,F,11.97000,31110458
25785,2018-06-07,F,12.03000,47314073
25785,2018-06-08,F,12.10000,28371881
25785,2018-06-11,F,12.03000,30398078
25785,2018-06-12,F,12.11000,51395448
25785,2018-06-13,F,12.02000,28406733
25785,2018-06-14,F,11.89000,34523019
25785,2018-06-15,F,11.88000,56326835
25785,2018-06-18,F,11.99000,32706527
25785,2018-06-19,F,11.89000,40064785
25785,2018-06-20,F,11.87000,31964792
25785,2018-06-21,F,11.71000,33316702
25785,2018-06-22,F,11.65000,38207303
25785,2018-06-25,F,11.50000,36101893
25785,2018-06-26,F,11.52000,36627672
25785,2018-06-27,F,11.42000,27241994
25785,2018-06-28,F,11.28000,43836444
25785,2018-06-29,F,11.07000,44718473
25785,2018-07-02,F,11.10000,37892751
25785,2018-07-03,F,10.99000,16544777
25785,2018-07-05,F,11.05000,32008544
25785,2018-07-06,F,11.06000,25671874
25785,2018-07-09,F,11.20000,23916802
25785,2018-07-10,F,11.25000,21231537
25785,2018-07-11,F,11.07000,30030119
25785,2018-07-12,F,11.05000,27025237
25785,2018-07-13,F,10.98000,36567189
25785,2018-07-16,F,10.85000,46156833
25785,2018-07-17,F,10.86000,37584265
25785,2018-07-18,F,10.87000,36420018
25785,2018-07-19,F,10.82000,40308773
25785,2018-07-20,F,10.56000,41673254
25785,2018-07-23,F,10.47000,34941983
25785,2018-07-24,F,10.57000,47302950
25785,2018-07-25,F,10.52000,92610535
25785,2018-07-26,F,9.89000,103893039
25785,2018-07-27,F,9.93000,46178701
25785,2018-07-30,F,10.07000,35877009
25785,2018-07-31,F,10.04000,38026871
25785,2018-08-01,F,9.90000,44126692
25785,2018-08-02,F,9.92000,40318865
25785,2018-08-03,F,10.04000,25925122
25785,2018-08-06,F,10.03000,22247882
25785,2018-08-07,F,10.08000,27961231
25785,2018-08-08,F,10.05000,22601602
25785,2018-08-09,F,9.91000,35682617
25785,2018-08-10,F,9.74000,39180474
25785,2018-08-13,F,9.46000,66586182
25785,2018-08-14,F,9.50000,37657351
25785,2018-08-15,F,9.45000,36298597
25785,2018-08-16,F,9.51000,28857667
25785,2018-08-17,F,9.55000,32742936
25785,2018-08-20,F,9.72000,25252486
25785,2018-08-21,F,9.86000,46413897
25785,2018-08-22,F,9.69000,30803675
25785,2018-08-23,F,9.63000,31511844
25785,2018-08-24,F,9.68000,18380040
25785,2018-08-27,F,9.99000,49769258
25785,2018-08-28,F,10.01000,33845494
25785,2018-08-29,F,9.97000,37336431
25785,2018-08-30,F,9.70000,48539347
25785,2018-08-31,F,9.48000,76424884
25785,2018-09-04,F,9.47000,54111109
25785,2018-09-05,F,9.49000,44561879
25785,2018-09-06,F,9.43000,29519107
25785,2018-09-07,F,9.27000,51229915
25785,2018-09-10,F,9.38000,30421677
25785,2018-09-11,F,9.31000,27158381
25785,2018-09-12,F,9.34000,25450013
25785,2018-09-13,F,9.37000,29315671
25785,2018-09-14,F,9.45000,30013336
25785,2018-09-17,F,9.55000,29544428
25785,2018-09-18,F,9.58000,57055398
25785,2018-09-19,F,9.78000,40111485
25785,2018-09-20,F,9.81000,46314358
25785,2018-09-21,F,9.85000,74488637
25785,2018-09-24,F,9.59000,43170827
25785,2018-09-25,F,9.39000,44406116
25785,2018-09-26,F,9.27000,58597487
25785,2018-09-27,F,9.23000,57272192
25785,2018-09-28,F,9.25000,30987233
25785,2018-10-01,F,9.32000,44864717
25785,2018-10-02,F,9.20000,41806359
25785,2018-10-03,F,9.13000,47023058
25785,2018-10-04,F,9.15000,38889619
25785,2018-10-05,F,9.12000,36952234
25785,2018-10-08,F,9.26000,43657683
25785,2018-10-09,F,8.95000,58356912
25785,2018-10-10,F,8.82000,54104073
25785,2018-10-11,F,8.81000,66170847
25785,2018-10-12,F,8.64000,59308503
25785,2018-10-15,F,8.81000,40183227
25785,2018-10-16,F,8.80000,36771962
25785,2018-10-17,F,8.76000,48795137
25785,2018-10-18,F,8.51000,59669220
25785,2018-10-19,F,8.50000,59831126
25785,2018-10-22,F,8.41000,39803505
25785,2018-10-23,F,8.59000,55443298
25785,2018-10-24,F,8.18000,58895107
25785,2018-10-25,F,8.99000,90399170
25785,2018-10-26,F,8.98000,100639822
25785,2018-10-29,F,9.28000,92275144
25785,2018-10-30,F,9.46000,58061997
25785,2018-10-31,F,9.55000,68507097
25785,2018-11-01,F,9.29000,59794356
25785,2018-11-02,F,9.38000,48499166
25785,2018-11-05,F,9.53000,41274267
25785,2018-11-06,F,9.54000,40928647
25785,2018-11-07,F,9.60000,37347419
25785,2018-11-08,F,9.46000,55810120
25785,2018-11-09,F,9.38000,52203593
25785,2018-11-12,F,9.49000,36317186
25785,2018-11-13,F,9.54000,33097995
25785,2018-11-14,F,9.54000,46677594
25785,2018-11-15,F,9.31000,57170119
25785,2018-11-16,F,9.05000,54582518
25785,2018-11-19,F,9.25000,56292462
25785,2018-11-20,F,9.06000,35160306
25785,2018-11-21,F,9.11000,25882740
25785,2018-11-23,F,9.13000,13520848
25785,2018-11-26,F,9.40000,46304425
25785,2018-11-27,F,9.28000,34283203
25785,2018-11-28,F,9.41000,33199483
25785,2018-11-29,F,9.37000,29207626
25785,2018-11-30,F,9.41000,36269456
25785,2018-12-03,F,9.60000,64643017
25785,2018-12-04,F,9.18000,57930317
25785,2018-12-06,F,9.02000,53963586
25785,2018-12-07,F,8.82000,43534810
25785,2018-12-10,F,8.52000,56499741
25785,2018-12-11,F,8.54000,42294523
25785,2018-12-12,F,8.64000,40602732
25785,2018-12-13,F,8.50000,34200443
25785,2018-12-14,F,8.52000,35613263
25785,2018-12-17,F,8.50000,44469948
25785,2018-12-18,F,8.47000,38262962
25785,2018-12-19,F,8.32000,75272899
25785,2018-12-20,F,8.26000,58926152
25785,2018-12-21,F,8.05000,57542256
25785,2018-12-24,F,7.63000,38709511
25785,2018-12-26,F,7.85000,58809955
25785,2018-12-27,F,7.85000,49812964
25785,2018-12-28,F,7.81000,47331686
25785,2018-12-31,F,7.65000,57816044
25785,2019-01-02,F,7.90000,47494361
25785,2019-01-03,F,7.78000,39172395
25785,2019-01-04,F,8.08000,43039807
25785,2019-01-07,F,8.29000,40729353
25785,2019-01-08,F,8.37000,45643969
25785,2019-01-09,F,8.72000,48404884
25785,2019-01-10,F,8.67000,39490422
25785,2019-01-11,F,8.82000,41559875
25785,2019-01-14,F,8.99000,44833842
25785,2019-01-15,F,8.84000,65311702
25785,2019-01-16,F,8.29000,73869859
25785,2019-01-17,F,8.36000,56722604
25785,2019-01-18,F,8.58000,51127860
25785,2019-01-22,F,8.50000,47182620
25785,2019-01-23,F,8.34000,45196860
25785,2019-01-24,F,8.60000,79516367
25785,2019-01-25,F,8.86000,53130148
25785,2019-01-28,F,8.66000,42116304
25785,2019-01-29,F,8.76000,30485016
25785,2019-01-30,F,8.71000,29906134
25785,2019-01-31,F,8.80000,39389094
25785,2019-02-01,F,8.72000,34124005
25785,2019-02-04,F,8.70000,28855569
25785,2019-02-05,F,8.75000,26166848
25785,2019-02-06,F,8.72000,32644299
25785,2019-02-07,F,8.31000,55161837
25785,2019-02-08,F,8.39000,38650090
25785,2019-02-11,F,8.33000,27403546
25785,2019-02-12,F,8.46000,26235089
25785,2019-02-13,F,8.41000,27182886
25785,2019-02-14,F,8.42000,23569872
25785,2019-02-15,F,8.54000,58080330
25785,2019-02-19,F,8.83000,37929175
25785,2019-02-20,F,8.94000,55316868
25785,2019-02-21,F,8.71000,44730351
25785,2019-02-22,F,8.71000,40947503
25785,2019-02-25,F,8.76000,56615428
25785,2019-02-26,F,8.88000,38348838
25785,2019-02-27,F,8.78000,34093320
25785,2019-02-28,F,8.77000,43960541
25785,2019-03-01,F,8.79000,37699506
25785,2019-03-04,F,8.81000,46196859
25785,2019-03-05,F,8.77000,40852648
25785,2019-03-06,F,8.58000,50378587
25785,2019-03-07,F,8.48000,54285995
25785,2019-03-08,F,8.42000,43766799
25785,2019-03-11,F,8.61000,36875290
25785,2019-03-12,F,8.57000,37805025
25785,2019-03-13,F,8.53000,49018694
25785,2019-03-14,F,8.41000,36307868
25785,2019-03-15,F,8.43000,66555519
25785,2019-03-18,F,8.57000,37198328
25785,2019-03-19,F,8.70000,57293608
25785,2019-03-20,F,8.51000,54539726
25785,2019-03-21,F,8.69000,46843085
25785,2019-03-22,F,8.54000,41963991
25785,2019-03-25,F,8.51000,45849484
25785,2019-03-26,F,8.76000,47852114
25785,2019-03-27,F,8.62000,39895763
25785,2019-03-28,F,8.77000,38914696
25785,2019-03-29,F,8.78000,33962755
25785,2019-04-01,F,8.98000,45653096
25785,2019-04-02,F,9.01000,30699413
25785,2019-04-03,F,9.13000,56663558
25785,2019-04-04,F,9.24000,39483120
25785,2019-04-05,F,9.25000,37854698
25785,2019-04-08,F,9.30000,26221135
25785,2019-04-09,F,9.21000,29879089
25785,2019-04-10,F,9.33000,28469482
25785,2019-04-11,F,9.39000,26488106
25785,2019-04-12,F,9.45000,38646020
25785,2019-04-15,F,9.33000,41206747
25785,2019-04-16,F,9.36000,40949992
25785,2019-04-17,F,9.50000,30688316
25785,2019-04-18,F,9.55000,29843042
25785,2019-04-22,F,9.50000,38718506
25785,2019-04-23,F,9.50000,39493689
25785,2019-04-24,F,9.57000,39796303
25785,2019-04-25,F,9.40000,52596747
25785,2019-04-26,F,10.41000,156136698
25785,2019-04-29,F,10.32000,62500522
25785,2019-04-30,F,10.45000,46079308
25785,2019-05-01,F,10.30000,41805504
25785,2019-05-02,F,10.34000,34508446
25785,2019-05-03,F,10.41000,36291243
25785,2019-05-06,F,10.37000,28640578
25785,2019-05-07,F,10.38000,41154485
25785,2019-05-08,F,10.34000,33472200
25785,2019-05-09,F,10.20000,43621299
25785,2019-05-10,F,10.38000,37629526
25785,2019-05-13,F,10.08000,51102054
25785,2019-05-14,F,10.24000,31297221
25785,2019-05-15,F,10.36000,44050200
25785,2019-05-16,F,10.40000,32696980
25785,2019-05-17,F,10.29000,34565393
25785,2019-05-20,F,10.28000,29535935
25785,2019-05-21,F,10.24000,30099324
25785,2019-05-22,F,9.97000,51407182
25785,2019-05-23,F,9.85000,43153773
25785,2019-05-24,F,9.83000,22131457
25785,2019-05-28,F,9.78000,27656181
25785,2019-05-29,F,9.71000,32262552
25785,2019-05-30,F,9.74000,24759571
25785,2019-05-31,F,9.52000,48250384
25785,2019-06-03,F,9.61000,39446800
25785,2019-06-04,F,9.92000,37324130
25785,2019-06-05,F,9.78000,42464814
25785,2019-06-06,F,9.75000,28291063
25785,2019-06-07,F,9.76000,18848704
25785,2019-06-10,F,9.82000,33883401
25785,2019-06-11,F,9.92000,26434185
25785,2019-06-12,F,9.85000,21746723
25785,2019-06-13,F,10.06000,25555852
25785,2019-06-14,F,9.98000,21553248
25785,2019-06-17,F,10.05000,19383830
25785,2019-06-18,F,10.10000,32591675
25785,2019-06-19,F,10.04000,29051257
25785,2019-06-20,F,10.04000,32086473
25785,2019-06-21,F,9.99000,47904041
25785,2019-06-24,F,9.95000,28091230
25785,2019-06-25,F,9.84000,28682019
25785,2019-06-26,F,9.91000,33739050
25785,2019-06-27,F,10.20000,42954594
25785,2019-06-28,F,10.23000,37555290
25785,2019-07-01,F,10.15000,38537013
25785,2019-07-02,F,10.12000,29715482
25785,2019-07-03,F,10.20000,19326620
25785,2019-07-05,F,10.20000,21397917
25785,2019-07-08,F,10.20000,23244145
25785,2019-07-09,F,10.14000,25140615
25785,2019-07-10,F,10.11000,29082154
25785,2019-07-11,F,10.19000,27667547
25785,2019-07-12,F,10.49000,40761563
25785,2019-07-15,F,10.42000,33753508
25785,2019-07-16,F,10.51000,29530493
25785,2019-07-17,F,10.33000,25204389
25785,2019-07-18,F,10.26000,25828860
25785,2019-07-19,F,10.20000,38505641
25785,2019-07-22,F,10.02000,36238647
25785,2019-07-23,F,10.17000,74624841
25785,2019-07-24,F,10.33000,61107450
25785,2019-07-25,F,9.56000,133898570
25785,2019-07-26,F,9.57000,47710167
25785,2019-07-29,F,9.60000,36487758
25785,2019-07-30,F,9.55000,36944663
25785,2019-07-31,F,9.53000,56715513
25785,2019-08-01,F,9.31000,58060754
25785,2019-08-02,F,9.28000,41495163
25785,2019-08-05,F,9.23000,47963445
25785,2019-08-06,F,9.48000,51856101
25785,2019-08-07,F,9.53000,43042366
25785,2019-08-08,F,9.56000,25468954
25785,2019-08-09,F,9.45000,38739667
25785,2019-08-12,F,9.29000,23050381
25785,2019-08-13,F,9.26000,28314963
25785,2019-08-14,F,9.00000,45967364
25785,2019-08-15,F,8.86000,40682769
25785,2019-08-16,F,8.96000,27369852
25785,2019-08-19,F,9.03000,21844004
25785,2019-08-20,F,8.96000,25119456
25785,2019-08-21,F,9.04000,20443922
25785,2019-08-22,F,9.04000,20977683
25785,2019-08-23,F,8.77000,44987686
25785,2019-08-26,F,8.82000,31890304
25785,2019-08-27,F,8.76000,23032302
25785,2019-08-28,F,9.00000,35147625
25785,2019-08-29,F,9.12000,22016749
25785,2019-08-30,F,9.17000,32060743
25785,2019-09-03,F,9.10000,26331720
25785,2019-09-04,F,9.20000,27410227
25785,2019-09-05,F,9.34000,36640467
25785,2019-09-06,F,9.34000,29210272
25785,2019-09-09,F,9.54000,48059365
25785,2019-09-10,F,9.42000,70567287
25785,2019-09-11,F,9.42000,34190270
25785,2019-09-12,F,9.41000,35687710
25785,2019-09-13,F,9.45000,27161260
25785,2019-09-16,F,9.30000,50052608
25785,2019-09-17,F,9.28000,27510984
25785,2019-09-18,F,9.25000,24473869
25785,2019-09-19,F,9.10000,29133987
25785,2019-09-20,F,9.17000,38117099
25785,2019-09-23,F,9.16000,23591820
25785,2019-09-24,F,9.11000,33167702
25785,2019-09-25,F,9.20000,20555603
25785,2019-09-26,F,9.14000,26593308
25785,2019-09-27,F,9.08000,32462237
25785,2019-09-30,F,9.16000,22493308
25785,2019-10-01,F,8.90000,39690749
25785,2019-10-02,F,8.61000,68290414
25785,2019-10-03,F,8.71000,41250596
25785,2019-10-04,F,8.74000,28096692
25785,2019-10-07,F,8.68000,29494228
25785,2019-10-08,F,8.54000,31598385
25785,2019-10-09,F,8.56000,16979210
25785,2019-10-10,F,8.62000,28223352
25785,2019-10-11,F,8.78000,34210303
25785,2019-10-14,F,8.82000,25444792
25785,2019-10-15,F,9.07000,31040706
25785,2019-10-16,F,9.07000,27386353
25785,2019-10-17,F,9.11000,28652392
25785,2019-10-18,F,9.29000,42432622
25785,2019-10-21,F,9.03000,33812870
25785,2019-10-22,F,9.07000,35997409
25785,2019-10-23,F,9.21000,46677592
25785,2019-10-24,F,8.60000,121123977
25785,2019-10-25,F,8.72000,51373623
25785,2019-10-28,F,8.61000,39635287
25785,2019-10-29,F,8.64000,36771757
25785,2019-10-30,F,8.54000,28685314
25785,2019-10-31,F,8.59000,29124080
25785,2019-11-01,F,8.89000,55354930
25785,2019-11-04,F,9.00000,46716530
25785,2019-11-05,F,9.02000,37569674
25785,2019-11-06,F,8.92000,39497700
25785,2019-11-07,F,8.89000,32640397
25785,2019-11-08,F,9.04000,29489854
25785,2019-11-11,F,9.08000,24852635
25785,2019-11-12,F,9.04000,28710942
25785,2019-11-13,F,8.81000,34820794
25785,2019-11-14,F,8.79000,26542134
25785,2019-11-15,F,8.95000,26430897
25785,2019-11-18,F,8.95000,38296388
25785,2019-11-19,F,8.90000,31192765
25785,2019-11-20,F,8.73000,38291750
25785,2019-11-21,F,8.71000,33161371
25785,2019-11-22,F,8.89000,34966746
25785,2019-11-25,F,9.00000,30617388
25785,2019-11-26,F,9.01000,30106841
25785,2019-11-27,F,9.10000,37424079
25785,2019-11-29,F,9.06000,13096150
25785,2019-12-02,F,9.01000,37270512
25785,2019-12-03,F,8.89000,41121654
25785,2019-12-04,F,8.95000,29994673
25785,2019-12-05,F,8.93000,25770717
25785,2019-12-06,F,9.02000,31111724
25785,2019-12-09,F,9.01000,21898172
25785,2019-12-10,F,9.07000,34233141
25785,2019-12-11,F,9.11000,33205336
25785,2019-12-12,F,9.32000,48398724
25785,2019-12-13,F,9.23000,35334491
25785,2019-12-16,F,9.39000,42339949
25785,2019-12-17,F,9.39000,35516663
25785,2019-12-18,F,9.54000,45929401
25785,2019-12-19,F,9.41000,42237371
25785,2019-12-20,F,9.48000,50199268
25785,2019-12-23,F,9.44000,54795992
25785,2019-12-24,F,9.47000,11881604
25785,2019-12-26,F,9.45000,28982311
25785,2019-12-27,F,9.36000,28273603
25785,2019-12-30,F,9.25000,36085418
25785,2019-12-31,F,9.30000,32345377
25785,2020-01-02,F,9.42000,43432239
25785,2020-01-03,F,9.21000,45059915
25785,2020-01-06,F,9.16000,43380677
25785,2020-01-07,F,9.25000,45334552
25785,2020-01-08,F,9.25000,46003049
25785,2020-01-09,F,9.26000,51905116
25785,2020-01-10,F,9.25000,39819244
25785,2020-01-13,F,9.24000,48562151
25785,2020-01-14,F,9.29000,42936052
25785,2020-01-15,F,9.19000,55923869
25785,2020-01-16,F,9.17000,44310388
25785,2020-01-17,F,9.16000,41644871
25785,2020-01-21,F,9.21000,49556423
25785,2020-01-22,F,9.16000,39914759
25785,2020-01-23,F,9.14000,75848669
25785,2020-01-24,F,9.00000,68100949
25785,2020-01-27,F,8.89000,60769335
25785,2020-01-28,F,8.97000,85163404
25785,2020-01-29,F,8.86000,59070709
25785,2020-01-30,F,8.84000,42827802
25785,2020-01-31,F,8.82000,59813731
25785,2020-02-03,F,8.98000,71432659
25785,2020-02-04,F,9.18000,86196417
25785,2020-02-05,F,8.31000,145792527
25785,2020-02-06,F,8.25000,68823367
25785,2020-02-07,F,8.11000,98256476
25785,2020-02-10,F,8.06000,71834905
25785,2020-02-11,F,8.10000,80164532
25785,2020-02-12,F,8.24000,111536751
25785,2020-02-13,F,8.25000,67648837
25785,2020-02-14,F,8.10000,46359668
25785,2020-02-18,F,8.06000,65207478
25785,2020-02-19,F,8.00000,69668178
25785,2020-02-20,F,8.03000,52318244
25785,2020-02-21,F,7.89000,58326329
25785,2020-02-24,F,7.57000,110048156
25785,2020-02-25,F,7.23000,108888298
25785,2020-02-26,F,7.21000,92524842
25785,2020-02-27,F,6.97000,118642394
25785,2020-02-28,F,6.96000,116546727
25785,2020-03-02,F,7.20000,96766032
25785,2020-03-03,F,6.97000,97457775
25785,2020-03-04,F,7.08000,70588065
25785,2020-03-05,F,6.74000,78070888
25785,2020-03-06,F,6.49000,109932196
25785,2020-03-09,F,5.90000,103901655
25785,2020-03-10,F,6.26000,101873628
25785,2020-03-11,F,5.90000,98639098
25785,2020-03-12,F,5.35000,89453102
25785,2020-03-13,F,5.63000,125375287
25785,2020-03-16,F,5.01000,110310935
25785,2020-03-17,F,5.01000,104233465
25785,2020-03-18,F,4.50000,125954745
25785,2020-03-19,F,4.47000,126603765
25785,2020-03-20,F,4.33000,129378586
25785,2020-03-23,F,4.01000,134925017
25785,2020-03-24,F,4.95000,146192141
25785,2020-03-25,F,5.39000,198999447
25785,2020-03-26,F,5.25000,138297998
25785,2020-03-27,F,5.19000,106324033
25785,2020-03-30,F,5.03000,97879666
25785,2020-03-31,F,4.83000,231800752
25785,2020-04-01,F,4.40000,119174506
25785,2020-04-02,F,4.36000,90891690
25785,2020-04-03,F,4.24000,85659866
25785,2020-04-06,F,4.53000,102205319
25785,2020-04-07,F,4.71000,115150448
25785,2020-04-08,F,5.03000,117022189
25785,2020-04-09,F,5.37000,175833664
25785,2020-04-13,F,5.16000,99320002
25785,2020-04-14,F,5.29000,74877032
25785,2020-04-15,F,5.03000,74727746
25785,2020-04-16,F,4.94000,58951213
25785,2020-04-17,F,5.12000,91989318
25785,2020-04-20,F,4.98000,71079442
25785,2020-04-21,F,4.77000,82400209
25785,2020-04-22,F,4.77000,62398608
25785,2020-04-23,F,4.89000,61959760
25785,2020-04-24,F,4.87000,54352479
25785,2020-04-27,F,5.17000,91082846
25785,2020-04-28,F,5.38000,106222815
25785,2020-04-29,F,5.26000,126393015
25785,2020-04-30,F,5.09000,93437941
